runo,motyl,ognisko,uwaga,romantyk
negatyw,młot,jeleń,nuta,aura
ojciec,broń,pejzaż,twardy,fluid
dramat,narty,malarz,pop,mors
ćwiartka,ser,romans,rodzina,podmiot
słońce,brat,diabeł,krajobraz,subiekt
błyskawica,pleśń,zjawa,słowo,proch
burza,babeczka,start,koszulka,pył
kąt,tygrys,festiwal,leszcz,groty
kredyt,wulkan,ostry,zestaw,rower
kreda,prymus,sok,przyroda,studio
lazur,miecz,raj,środowisko,sarna
kolor,choinka,święta,gatunek,
słowacki,piętro,edycja,barwa,
rzeźba,szkielet,plener,zielony,
pozytyw,kosa,kapitał,odżywka,
warsztat,bagno,puder,pentagon,
urok,dudy,siostra,skok,
kłos,napoleon,baran,naleśnik,
wielkanoc,fortuna,rogacz,widmo,
wiadro,mecz,merlin,dziennik,
chmura,nerwy,czarodziej,płaski,
dysk,sezon,magia,śledź,
kruk,broda,ponton,bok,
komedia,śpiochy,wiadomość,ton,
łuska,poduszka,zupa,chomik,
hełm,finlandia,wilkołak,cap,
szczypce,bikini,encyklopedia,układ,
kary,demon,wyspa,piana,
warunek,dźwięk,skoczek,aktor,
wiking,pomidor,blokada,komik,
tęcza,kapuśniak,kogut,enigma,
elf,matka,alarm,szyfr,
wrózka,skłon,pszczoła,klimat,
żyletka,piorun,format,nastrój,
węgiel,grom,sałata,kapeć,
pęcherz,słonecznik,horyzont,papuga,
poza,magnes,chmiel,wirus,
koncentracja,natura,cezar,puszka,
słon,metr,dracula,pionek,
